full_text,text,sentiment,minimarket
Kebab Multazam Alamat : Teras Alfamart jl Suromenggolo Ponorogo Jam buka / order : 15.00 - habis ig : @kebabmultazam Wa : 0895426606878 . Map : https://t.co/arNuT28tEb https://t.co/lmQ8UBScXF,kebab multazam alamat teras alfamart jl suromenggolo ponorogo jam buka order habis ig wa map,netral,alfamart
@xtrrtxvzrxxtrm @dhgkdidoabah niatku cek catchy + membawa berkah tapi font e Alfamart alamat dituntut Alfamart aokaoakaoka,niatku cek catchy membawa berkah tapi font e alfamart alamat dituntut alfamart aokaoakaoka,negatif,alfamart
Kopdar Akbar the Jakmania Wilayah Tenabang Sabtu 03 Mei 2025 ⏰️ Pukul 20.00 WIB Lapangan Badminton Rusun Tanah Abang RW 11 JL. Kebon Kacang 41 (Depan Alfamart) DIHARAPKAN KEHADIRANNYA UNTUK SELURUH PENGURUS DAN ANGGOTA THE JAKMANIA TENABANG #Jakmaniatenabang https://t.co/NRkU54Iole,kopdar akbar the jakmania wilayah tenabang sabtu mei pukul wib lapangan badminton rusun tanah abang rw jl kebon kacang depan alfamart diharapkan kehadirannya untuk seluruh pengurus dan anggota the jakmania tenabang,netral,alfamart
Belanja di alfagift sihhh good deal bgt anjirrrr banyak bgt diskon nya!Thanku @alfamart in this economy sih kalian membantu banget. https://t.co/3QLaSTxBUr,belanja di alfagift sihhh good deal bgt anjirrrr banyak bgt diskon nyathanku in this economy sih kalian membantu banget,positif,alfamart
Info loker plis Pengalaman pernah di indomaret dan alfamart sbg pembeli,info loker plis pengalaman pernah di indomaret dan alfamart sbg pembeli,netral,alfamart
Mau belanja apa hari ini? Belanja semua isi kulkas dan kebutuhan rumah tangga bisa kamu beli di Alfamart yang bisa kamu lihat di katalog Alfamart periode 16 30 April 2025. Selamat belanja! . Cek katalognya di sini https://t.co/apyttyL45w @alfamart https://t.co/6oBBG8HTRZ,mau belanja apa hari ini belanja semua isi kulkas dan kebutuhan rumah tangga bisa kamu beli di alfamart yang bisa kamu lihat di katalog alfamart periode april selamat belanja cek katalognya di sini,netral,alfamart
 Promo seru yang dari kemarin kamu tunggu-tunggu akhirnya udah mau habis periodenya! Saatnya borong hemat bareng di Alfamart! ️⁣⁣⁣⁣ Gak ada alasan buat nunda lagi yuk isi stok harian di #PromoPSM dengan harga yang lebih bersahabat! Periode 24 30 April 2025⁣⁣ https://t.co/2dHLGh6oQx,promo seru yang dari kemarin kamu tunggutunggu akhirnya udah mau habis periodenya saatnya borong hemat bareng di alfamart gak ada alasan buat nunda lagi yuk isi stok harian di dengan harga yang lebih bersahabat periode april,netral,alfamart
@BigbangDona @Boediantar4 udah baca berita lengkapnya belum kak? usahanya dimiliki dan dikelola muhammadiyah tapi bekerja sama dengan alfamart sbg supplier. toh selama ini mereka jg ada TokoMu yang sebagian hasil penjualannya disumbangkan jg. Jadi mending diem kalau minim literasi???,udah baca berita lengkapnya belum kak usahanya dimiliki dan dikelola muhammadiyah tapi bekerja sama dengan alfamart sbg supplier toh selama ini mereka jg ada tokomu yang sebagian hasil penjualannya disumbangkan jg jadi mending diem kalau minim literasi,netral,alfamart
@convomf Lumayan sering di catcalling kalau lagi jalan sore/ke alfamart dsb pake baju juga sopan bahkan sangat tertutup &amp; longgar karena takut panas. Waktu aku di catcalling aku putar balik aku bilang norak lu/gila lu ya terdengar kasar tapi dia juga gak sopan menurutku wajar.,lumayan sering di catcalling kalau lagi jalan soreke alfamart dsb pake baju juga sopan bahkan sangat tertutup amp longgar karena takut panas waktu aku di catcalling aku putar balik aku bilang norak lugila lu ya terdengar kasar tapi dia juga gak sopan menurutku wajar,negatif,alfamart
@Info24Jam @Boediantar4 Kamu maksud yg membawa2 agama siapa? Muhammadiyah atau alfamart? Lantas kalimat selama ini .. alfamart .. membantu umat Islam ditujukan pada siapa? Faktanya Muhammadiyah adalah ormas agama Islam dan bisnis ini berkaitan dengan ekonomi umat Islam melalui Muhammadiyah.,kamu maksud yg membawa agama siapa muhammadiyah atau alfamart lantas kalimat selama ini alfamart membantu umat islam ditujukan pada siapa faktanya muhammadiyah adalah ormas agama islam dan bisnis ini berkaitan dengan ekonomi umat islam melalui muhammadiyah,netral,alfamart
GAK MAMPU BERSAING DGN BRANDING SENDIRI YA OM.. @MuhammadiyinGL @muhammadiyah Dan emg slama ini @alfamart @Indomaret gk mbantu umat ya? Coba deh cek kasir2 mrk smua sejabodetabek itu umat siapa? ,gak mampu bersaing dgn branding sendiri ya om dan emg slama ini gk mbantu umat ya coba deh cek kasir mrk smua sejabodetabek itu umat siapa,negatif,alfamart
@anak_kasisi @rudiantowira771 @Boediantar4 Mentari Mart itu memang bekerjasama dengan Alfamart. Biasakan sering membaca sehingga gak salah mengkomentari berita karena salah tanggap bisa merugikan pihak lain. Taburlah kebaikan maka berkah yang akan kembali.,mentari mart itu memang bekerjasama dengan alfamart biasakan sering membaca sehingga gak salah mengkomentari berita karena salah tanggap bisa merugikan pihak lain taburlah kebaikan maka berkah yang akan kembali,netral,alfamart
ibu gue kalo dititipin buat ke indomaret/alfamart sekalian pulang kerja tuh gamau dah katanya males berat bawaan kerjanya dan milih buat balik ke rumah dulu mksd gue kan biar sekalian gt jd ga usah bolak balik lg mampir jg bentar doang ga yg bakal lama2 di sana,ibu gue kalo dititipin buat ke indomaretalfamart sekalian pulang kerja tuh gamau dah katanya males berat bawaan kerjanya dan milih buat balik ke rumah dulu mksd gue kan biar sekalian gt jd ga usah bolak balik lg mampir jg bentar doang ga yg bakal lama di sana,negatif,alfamart
Cari susu untuk tumbuh kembang anak harus yang berkualitas dan murah sahabat! Maka dari itu Alfamart kasih sahabat promo #BabyMilkFair untuk membantu mencari susu untuk si kecil! Periode 16 - 30 April 2025⁣⁣⁣⁣⁣ #PromoAlfamart #PromoAlfagift #AlfamartMelayani https://t.co/DE92tbXS80,cari susu untuk tumbuh kembang anak harus yang berkualitas dan murah sahabat maka dari itu alfamart kasih sahabat promo untuk membantu mencari susu untuk si kecil periode april,netral,alfamart
Ihhh udah lama ga liat inii masih ada ga sih?? @alfamart,ihhh udah lama ga liat inii masih ada ga sih,netral,alfamart
info loker dong pengalaman terakhir di alfamart dan indomaret sebagai pembeli ,info loker dong pengalaman terakhir di alfamart dan indomaret sebagai pembeli,netral,alfamart
@tmptmengeluhku kelamaan nungguin kursi depresi alfamart,kelamaan nungguin kursi depresi alfamart,negatif,alfamart
eh kl topup dana lewat alfamart tuh kepotong admin gaa https://t.co/fKN01gIl48,eh kl topup dana lewat alfamart tuh kepotong admin gaa,netral,alfamart
@jimimlism @alfamart @prabowo @jimimlism Dan top up di bawah Rp50.000 dri agen resmi DANA ya. Untuk gratis biaya admin top up di Alfamart ya yaitu 5 kali dlm satu bulan. Kalau top up udh lebih dr 5 kali selanjutnya akan dikenakan Rp1.500. ya Kak. Thanks -NA-,dan top up di bawah rp dri agen resmi dana ya untuk gratis biaya admin top up di alfamart ya yaitu kali dlm satu bulan kalau top up udh lebih dr kali selanjutnya akan dikenakan rp ya kak thanks na,netral,alfamart
@jimimlism @alfamart @prabowo @jimimlism Hi Kak kami paham apa yg kamu rasakan. Kami infoin untuk top up akan dikenakan potongan biaya admin sebesar Rp500 jka bkn pd channel/agen resmi DANA secara berkali-kali potongan biaya admin sebesar Rp500 jika menerima top up dari VA scr berkali-kali.(1),hi kak kami paham apa yg kamu rasakan kami infoin untuk top up akan dikenakan potongan biaya admin sebesar rp jka bkn pd channelagen resmi dana secara berkalikali potongan biaya admin sebesar rp jika menerima top up dari va scr berkalikali,netral,alfamart
Kak Putri cekatan banget deh terkesima banget Shalma barang sahabat jatuh aja diselamatin lho! Wajar Ka Putri semangat Shalma juga semangat banget setelah lihat promonya! Periode 16 30 April 2025⁣⁣⁣⁣⁣⁣⁣⁣⁣⁣⁣ https://t.co/rxvkSvB5nM,kak putri cekatan banget deh terkesima banget shalma barang sahabat jatuh aja diselamatin lho wajar ka putri semangat shalma juga semangat banget setelah lihat promonya periode april,positif,alfamart
selamat datang di alfamart selamat berbelanjaaaa https://t.co/ttdNGOTBca,selamat datang di alfamart selamat berbelanjaaaa,netral,alfamart
Alfamart deket rumah tutup. sedih liatnya. jaman skrg bisnis macem2 banyak yang tutup gulung tikar. and yet those fcking government masih aja korupsii. shit bisa ga sihh kita liat mereka semua kena azab di dunia aja kelamaan kalo di akhirat. kesamber petir kek,alfamart deket rumah tutup sedih liatnya jaman skrg bisnis macem banyak yang tutup gulung tikar and yet those fcking government masih aja korupsii shit bisa ga sihh kita liat mereka semua kena azab di dunia aja kelamaan kalo di akhirat kesamber petir kek,negatif,alfamart
Susu dan popok si kecil jadi kebutuhan wajib tiap hari? Tenang sahabat Alfamart selalu siap jadi penyelamat!⁣ ⁣ Lewat promo #BabyMilkAndDiapers Alfamart sahabat bisa borong popok si kecil dan susu andalan dengan DISKON HINGGA 49%! Periode 25 - 30 April 2025⁣⁣⁣⁣⁣ https://t.co/f0vigdq22l,susu dan popok si kecil jadi kebutuhan wajib tiap hari tenang sahabat alfamart selalu siap jadi penyelamat lewat promo alfamart sahabat bisa borong popok si kecil dan susu andalan dengan diskon hingga periode april,netral,alfamart
@alfamart TOP UP OVO LEWAT ALFA MART REJOSARI/081294665456 DIMINTA BIAYA 10 K. INI BIAYA ADMINT ATAU BIAYA APA KOK NGGA ADA STRUK BIAYA TOP UP,top up ovo lewat alfa mart rejosari diminta biaya k ini biaya admint atau biaya apa kok ngga ada struk biaya top up,negatif,alfamart
Ternyata selama ini banyak kerjaan bukannya diselesain malah cosplay jadi Drone kalo gini caranya Shalma juga pengen deh! Mungkin tujuannya baik yah mau jadi drone biar bisa mantau stok di setiap rak. Periode: 16 April - 31 Mei 2025⁣ https://t.co/Qbp8DPY4Gs,ternyata selama ini banyak kerjaan bukannya diselesain malah cosplay jadi drone kalo gini caranya shalma juga pengen deh mungkin tujuannya baik yah mau jadi drone biar bisa mantau stok di setiap rak periode april mei,netral,alfamart
@harutokunnnnn dulu pernah iseng² daftar maxim orderan dgn nominal 30rb up ke Indomaret Alfamart yg suruh beli entah itu Fanta Popok Bayi Tisu Basah Sari Roti sampe suruh Top Up Ovo itu Fake apa gapernah join grup di FB minimal atau tanya tmen yg udah pengalaman di Maxim kah ?,dulu pernah iseng² daftar maxim orderan dgn nominal rb up ke indomaret alfamart yg suruh beli entah itu fanta popok bayi tisu basah sari roti sampe suruh top up ovo itu fake apa gapernah join grup di fb minimal atau tanya tmen yg udah pengalaman di maxim kah,negatif,alfamart
@robert_theeo Wkkwkwkw lumayan lah yaaa berkah alfamart dipedalaman masih banyak stok tebus murah wkwkwk,wkkwkwkw lumayan lah yaaa berkah alfamart dipedalaman masih banyak stok tebus murah wkwkwk,netral,alfamart
Merchant yg nanyain bank apa kalo sepengalamanku ya paling bangsane indomaret alfamart simply buat mbak kasir milih menu di komputernya aja. Kan trus dia yg nycan. Biar ga salah aja. Ini mbahas yg belakang²nya ih pd canggih² bgt,merchant yg nanyain bank apa kalo sepengalamanku ya paling bangsane indomaret alfamart simply buat mbak kasir milih menu di komputernya aja kan trus dia yg nycan biar ga salah aja ini mbahas yg belakang²nya ih pd canggih² bgt,netral,alfamart
@alfamart min lain kali ksh tau donk klo susu stok lama jan dipajang msak aku beli susu basi min udh gk layak dimnum msh diperjual belikan,min lain kali ksh tau donk klo susu stok lama jan dipajang msak aku beli susu basi min udh gk layak dimnum msh diperjual belikan,negatif,alfamart
@alfamart pesen di apps lama bgt buset gak ada babibuwasweswos sebelum gw chat beberapa dr admin tokonya,pesen di apps lama bgt buset gak ada babibuwasweswos sebelum gw chat beberapa dr admin tokonya,negatif,alfamart
@pangeransiahaan Pengalaman gw waktu belanja di alfamart ditanya pakai QRIS apa gw jawab ngaruh ya kak? Ternyata alfamart itu minta QRIS yang model kita nunjukin barcode ke kasir. Sedangkan bank daerah yg gw pakai ga support QRIS tunjukin barcode akhirnya pakai BCA,pengalaman gw waktu belanja di alfamart ditanya pakai qris apa gw jawab ngaruh ya kak ternyata alfamart itu minta qris yang model kita nunjukin barcode ke kasir sedangkan bank daerah yg gw pakai ga support qris tunjukin barcode akhirnya pakai bca,netral,alfamart
 Tiap Sabtu waktunya panen untung di Alfamart!⁣ ⁣ Kamu bisa top up uang elektronik seperti Dana ShopeePay Gopay atau Ovo dan langsung dapetin voucher potongan Rp5.000 buat pembelian pulsa nominal Rp100.000 semua operator! https://t.co/Vec69Qg2vt,tiap sabtu waktunya panen untung di alfamart kamu bisa top up uang elektronik seperti dana shopeepay gopay atau ovo dan langsung dapetin voucher potongan rp buat pembelian pulsa nominal rp semua operator,netral,alfamart
 Butuh jaga kesehatan tubuh tetapi takut dompet kering? Nah tenang di Alfamart menghadirkan promo #KesehatanTubuh untuk membantu sahabat menjaga kesehatan tubuh dengan murah!! ⁣⁣⁣⁣⁣⁣⁣⁣ Periode 16 - 30 April 2025⁣⁣⁣⁣⁣⁣ https://t.co/85VUWFY5BG,butuh jaga kesehatan tubuh tetapi takut dompet kering nah tenang di alfamart menghadirkan promo untuk membantu sahabat menjaga kesehatan tubuh dengan murah periode april,netral,alfamart
Susu sehat harga bersahabat hanya ada di Alfamart! Cari susu sehat yang murah? Tenang saja di Alfamart lagi ada promo #MilkAndKKMFair yang menghadirkan susu dan krimer yang murah! ⁣⁣⁣ Periode 16 - 30 April 2025⁣⁣⁣ #PromoAlfamart #PromoAlfagift #AlfamartMelayani https://t.co/wuc8pTREPc,susu sehat harga bersahabat hanya ada di alfamart cari susu sehat yang murah tenang saja di alfamart lagi ada promo yang menghadirkan susu dan krimer yang murah periode april,netral,alfamart
@womanfeeds_id Lah selama ini di Indomaret Alfamart Alfamidi ada terus kok. Aku beli tiap bulan pasti ada sering promo pula,lah selama ini di indomaret alfamart alfamidi ada terus kok aku beli tiap bulan pasti ada sering promo pula,positif,alfamart
@alfamart Lama amat bro tiap beli lewat alfagift datengnya,lama amat bro tiap beli lewat alfagift datengnya,negatif,alfamart
Tiap mesen alfagift selalu datengnya ngaret parah udah lebih dari sejam padahal dimintanya pengantaran lebih dari sejam gimana ini? @alfamart,tiap mesen alfagift selalu datengnya ngaret parah udah lebih dari sejam padahal dimintanya pengantaran lebih dari sejam gimana ini,negatif,alfamart
21 April 2025 Setelah Maghrib Minimarket Alfamart Jl.Nusantara Kelapa Dua Depok Kak Gusta aktivis memberikan kertas selembaran sapa 129 untuk perempuan agar perempuan selamat. Lapor sapa 129 Jika melihat atau mengalami tindakan kekerasan pada perempuan dan anak di sekitarmu https://t.co/uygezVed9o,april setelah maghrib minimarket alfamart jlnusantara kelapa dua depok kak gusta aktivis memberikan kertas selembaran sapa untuk perempuan agar perempuan selamat lapor sapa jika melihat atau mengalami tindakan kekerasan pada perempuan dan anak di sekitarmu,netral,alfamart
Ipda Rudi Hartono Melaksanakan patroli di sentra perekonomian dan pertokoan Alfamart di pondok benda memberikan himbauan Kamtibmas kepada petugas security agar selalu waspada terhadap pelaku pencurian kendaraan bermotor dan antisipasi terjadinya kejahatan jalanan curanmor https://t.co/evSPjfM2pj,ipda rudi hartono melaksanakan patroli di sentra perekonomian dan pertokoan alfamart di pondok benda memberikan himbauan kamtibmas kepada petugas security agar selalu waspada terhadap pelaku pencurian kendaraan bermotor dan antisipasi terjadinya kejahatan jalanan curanmor,netral,alfamart
semalem duduk di kursi depan alfamart di salemba udah lama ga duduk disitu pas duduk rasanya nyesss bgt anjing,semalem duduk di kursi depan alfamart di salemba udah lama ga duduk disitu pas duduk rasanya nyesss bgt anjing,negatif,alfamart
Selama di pondok indomart dan alfamart itu adalah suatu hal yg mewaaaaah kali. Seneng bgt rasanya kl hr mgg bisa kesini. Karna walaupun minggu kita boleh keluar tapi kia harus gantian sm santri yg lain. Jd mgkn kita 2mgg sekali baru bisa ke indomart,selama di pondok indomart dan alfamart itu adalah suatu hal yg mewaaaaah kali seneng bgt rasanya kl hr mgg bisa kesini karna walaupun minggu kita boleh keluar tapi kia harus gantian sm santri yg lain jd mgkn kita mgg sekali baru bisa ke indomart,positif,alfamart
Guys ada yang pernah pengalaman topup dana tapi saldo nya enggak masuk lewat Alfamart gak ya?? Soalnya saldoku gak masuk kmrn tadi sempet kesana suruh nunggu,guys ada yang pernah pengalaman topup dana tapi saldo nya enggak masuk lewat alfamart gak ya soalnya saldoku gak masuk kmrn tadi sempet kesana suruh nunggu,netral,alfamart
@mamahemadha Betul banget Kak! Mie instan memang jadi penyelamat andalan saat lapar tengah malam dan sedang malas keluar rumah. Yuk beli mie instan dan produk lainnya di Alfamart terdekat atau di aplikasi Alfagift! ^kip,betul banget kak mie instan memang jadi penyelamat andalan saat lapar tengah malam dan sedang malas keluar rumah yuk beli mie instan dan produk lainnya di alfamart terdekat atau di aplikasi alfagift kip,netral,alfamart
1 kmr dilantai 2 ruang tamu ruang keluarga garasi mobil dapur. Halaman depan rumah bisa dijadikan untuk buka warung. - akses jalan utama bukan masuk gang gang - dekat dengan masjid Alfamart dan warung makan lainnya. - luas jalan 12meter jadi aman bgt buat akses mobil,kmr dilantai ruang tamu ruang keluarga garasi mobil dapur halaman depan rumah bisa dijadikan untuk buka warung akses jalan utama bukan masuk gang gang dekat dengan masjid alfamart dan warung makan lainnya luas jalan meter jadi aman bgt buat akses mobil,netral,alfamart
@Pai_C1 Kalo ada toko yg ada tukang parkir malas mampir kalo gak kepaksa. Apalagi sekelas @alfamart @Indomaret SPBU @pertamina memang kondisi ekonomi susah tp pemerintah/aparat seolah hal biasa ,kalo ada toko yg ada tukang parkir malas mampir kalo gak kepaksa apalagi sekelas spbu memang kondisi ekonomi susah tp pemerintahaparat seolah hal biasa,negatif,alfamart
Update $AMRT. Sebelum keluar isu MnAnya sudah kebaca di price action kalau akan balik arah. Callnya ya di groupnya @stockmapping aja. Selamat cuan sobat Alfamart. https://t.co/xQR2Pixupo,update amrt sebelum keluar isu mnanya sudah kebaca di price action kalau akan balik arah callnya ya di groupnya aja selamat cuan sobat alfamart,netral,alfamart
@alfamart @alfagift_idn lama banget kocak ih refundnya kebiasaan banget dah. Mana perlu uangnya lagii,lama banget kocak ih refundnya kebiasaan banget dah mana perlu uangnya lagii,negatif,alfamart
work! aku niatnya mau ngelamar di Alfamart boleh ceritain plus minus nya ngga ya?,work aku niatnya mau ngelamar di alfamart boleh ceritain plus minus nya ngga ya,netral,alfamart
@faizsadad_ Disini jg pernah ada Alfamart yg parkir gratis sampe ada bbrp booth makanan yg jualan di depan'y. Karna rame tiba2 jd ada kang parkir'y. Ga lama sthl itu tu alfa jd sepi. Yg jualan pun pd pergi.. Saya pun jd males mampir mending pake aplikasi aja dianterin,disini jg pernah ada alfamart yg parkir gratis sampe ada bbrp booth makanan yg jualan di depany karna rame tiba jd ada kang parkiry ga lama sthl itu tu alfa jd sepi yg jualan pun pd pergi saya pun jd males mampir mending pake aplikasi aja dianterin,netral,alfamart
@shomaykukus @Pai_C1 Saranku sbg warga sby nek ruko pinggir jalan/indomaret/alfamart cuek aja soale itu gk resmi aku sring dan mrk gk brani ngejar soale dr alfa/indo ny udh jelas parkir gratis. Nek berani ya ngeyel an. Ngomong aja gk ada uang cash pak. Tinggal trs.,saranku sbg warga sby nek ruko pinggir jalanindomaretalfamart cuek aja soale itu gk resmi aku sring dan mrk gk brani ngejar soale dr alfaindo ny udh jelas parkir gratis nek berani ya ngeyel an ngomong aja gk ada uang cash pak tinggal trs,negatif,alfamart
Kejadian di depan mata gue kmrn di alfamart. Posisi ada 2 kasir 1 khusus buat top up dan gue abis transaksi di kasir itu gak lama kok mba kasirnya gesit ketikketiknya nah sebelah ada buibu bawa 1 barang belakang gue udh antri bapak bapak keknya mo topup (gabawa belanjaan),kejadian di depan mata gue kmrn di alfamart posisi ada kasir khusus buat top up dan gue abis transaksi di kasir itu gak lama kok mba kasirnya gesit ketikketiknya nah sebelah ada buibu bawa barang belakang gue udh antri bapak bapak keknya mo topup gabawa belanjaan,negatif,alfamart
bukan masalah diselak tapi kalo lagj antri di alfamart gue baru maju ke kasir terus belakang tb tb desel deselin belanjaannya. gak sopan woy. kalo emang belanjaan lu banyak ya bawa tas belanja yang disediain lah. kalo gue jahat dah gue senggol senggolin biar jatuh sekalian,bukan masalah diselak tapi kalo lagj antri di alfamart gue baru maju ke kasir terus belakang tb tb desel deselin belanjaannya gak sopan woy kalo emang belanjaan lu banyak ya bawa tas belanja yang disediain lah kalo gue jahat dah gue senggol senggolin biar jatuh sekalian,negatif,alfamart
@alfamart alfagift nya lama bgt gilakkkk @alfamart,alfagift nya lama bgt gilakkkk,negatif,alfamart
demi Allah @alfamart lama bgt anjir gue pesen dr jam setengah 8 sampe skrg masih diproses mulu lama bgt najis,demi allah lama bgt anjir gue pesen dr jam setengah sampe skrg masih diproses mulu lama bgt najis,negatif,alfamart
@txtdarisnoopy Oke lah kalau makanan di sana ada alfamart/indomaret buat alternatif but still akses ke sana dan harga makanannya ga masuk akal banget. Pengalaman aja gw prnh ke PIK bareng tmn2 ramean naik TJ koridor 1A 3 jam kena macet dari jam 4 sore ampe jam 7 mlm,oke lah kalau makanan di sana ada alfamartindomaret buat alternatif but still akses ke sana dan harga makanannya ga masuk akal banget pengalaman aja gw prnh ke pik bareng tmn ramean naik tj koridor a jam kena macet dari jam sore ampe jam mlm,netral,alfamart
@twjt_af @dennis85_ @nexuvillette Semua kalangan bisa kerja disini. Gak harus berpendidikan tinggi dan profesional. Ada Alfamart Indomaret excelso DLL. Karena kota ini bukan cuma mindahin gedung pemerintahan dan Pegawai pemerintah. Tapi ini pusat pertumbuhan ekonomi baru hunian DLL,semua kalangan bisa kerja disini gak harus berpendidikan tinggi dan profesional ada alfamart indomaret excelso dll karena kota ini bukan cuma mindahin gedung pemerintahan dan pegawai pemerintah tapi ini pusat pertumbuhan ekonomi baru hunian dll,positif,alfamart
Tadi gue gatau ya pas ke Alfamart sepertinya ketemu guru SMP atau ngaji. Cuma nanya ini siapa ya? saya? Fariz bu. oh iya lupa. gue senyum2 aja soalnya dia tiba2 kabur wkwkwk,tadi gue gatau ya pas ke alfamart sepertinya ketemu guru smp atau ngaji cuma nanya ini siapa ya saya fariz bu oh iya lupa gue senyum aja soalnya dia tiba kabur wkwkwk,netral,alfamart
@GreenfieldsID min aku beli susu td pagi di alfamart expired date nya masih lama tapi susunya udah basi https://t.co/77cHfCJCW4,min aku beli susu td pagi di alfamart expired date nya masih lama tapi susunya udah basi,netral,alfamart
Ada orang cabut dari markir di Alfamart dan ga bayar parkir langsung di depan mang parkir nya tapi sebenarnya tuhan udah kirim posisi itu buat kita berbuat baik bayarin sekalian biar kita di baikin lagi sama orang. Mental membantu yg belum terbentuk tpi berharap bantuan org.,ada orang cabut dari markir di alfamart dan ga bayar parkir langsung di depan mang parkir nya tapi sebenarnya tuhan udah kirim posisi itu buat kita berbuat baik bayarin sekalian biar kita di baikin lagi sama orang mental membantu yg belum terbentuk tpi berharap bantuan org,negatif,alfamart
Ini alfagift nya alfamart gmn sih orderan ilang tapi uang masuk CS lambat responnya pdhl bikin Alfa Affiliate program tapi kl urusan gini aja penanganannya lambat gmn sama affiliator nanti? Apa ga bingung nanti pas tbtb ada error kaya gini kasian kan @alfamart @alfagift_idn,ini alfagift nya alfamart gmn sih orderan ilang tapi uang masuk cs lambat responnya pdhl bikin alfa affiliate program tapi kl urusan gini aja penanganannya lambat gmn sama affiliator nanti apa ga bingung nanti pas tbtb ada error kaya gini kasian kan,negatif,alfamart
Mau belanja apa hari ini? Belanja semua isi kulkas dan kebutuhan rumah tangga bisa kamu beli di Alfamart yang bisa kamu lihat di katalog Alfamart periode 16 31 Mei 2025. Selamat belanja! . Cek katalognya di sini https://t.co/apyttyL45w @alfamart https://t.co/9sDo2HKdjn,mau belanja apa hari ini belanja semua isi kulkas dan kebutuhan rumah tangga bisa kamu beli di alfamart yang bisa kamu lihat di katalog alfamart periode mei selamat belanja cek katalognya di sini,netral,alfamart
@smartfrenworld @alfamart Udah dong lewat DM juga. Makanya nanya lama gak diresponsnya,udah dong lewat dm juga makanya nanya lama gak diresponsnya,negatif,alfamart
@smartfrenworld @alfamart Lama gak diresponsnya kalau lewat DM?,lama gak diresponsnya kalau lewat dm,negatif,alfamart
@rizal_septyan @faizsadad_ @Indomaret @alfamart Bukan malas negur lebih ke kalo ditegur pihak toko atau yg bertugas di toko biasanya kena hajar tukang parkirnya,bukan malas negur lebih ke kalo ditegur pihak toko atau yg bertugas di toko biasanya kena hajar tukang parkirnya,negatif,alfamart
@Chlanievich @A13surd1sm3 @faizsadad_ wakakak kalau menjamur mah gapapa sptau bisa gede kayak alfamart. yg masalah kalau modelan sebiji doang tp brasa tuan rumah di lingkungan tsb yg jualan mirip mirip gaboleh buka. mau lumayan jauh jg selama masih wilayahnya dia mah gboleh smpe dikirim macem macem,wakakak kalau menjamur mah gapapa sptau bisa gede kayak alfamart yg masalah kalau modelan sebiji doang tp brasa tuan rumah di lingkungan tsb yg jualan mirip mirip gaboleh buka mau lumayan jauh jg selama masih wilayahnya dia mah gboleh smpe dikirim macem macem,negatif,alfamart
@faizsadad_ Jangankan alfamart masjid juga gitu. Dulu di Banjarmasin masjid Al-Jihad itu kl parkir bayar. Kemudian sama pengurusnya diatur security yg terima uang parkir dipecat jd kita sodorin uang pun gk mau terima malah dibantu keluarin mobil sm atur lalin. Full senyum,jangankan alfamart masjid juga gitu dulu di banjarmasin masjid aljihad itu kl parkir bayar kemudian sama pengurusnya diatur security yg terima uang parkir dipecat jd kita sodorin uang pun gk mau terima malah dibantu keluarin mobil sm atur lalin full senyum,positif,alfamart
@faizsadad_ Sepakat parkir liar di @Indomaret dan @alfamart harusnya di ilangin kok bisa ada tulisan gede PARKIR GRATIS masih ada tukang parkirnya ? Terlalu lama dilakukan pembiaran atau pihak toko yang males negur ?,sepakat parkir liar di dan harusnya di ilangin kok bisa ada tulisan gede parkir gratis masih ada tukang parkirnya terlalu lama dilakukan pembiaran atau pihak toko yang males negur,negatif,alfamart
@tojifusiguro @pengwinningg Mungkin bisa ucapkan selamat datang selamat mencari jodoh (dengan nada lembut seperti kasir alfamart),mungkin bisa ucapkan selamat datang selamat mencari jodoh dengan nada lembut seperti kasir alfamart,netral,alfamart
ShopeePay SERBA GRATIS! Sekarang kirim uang isi saldo sampai tarik tunai jadi makin gampang bebas biaya admin! GRATIS kirim uang ke bank &amp; e-wallet! GRATIS isi saldo via transfer bank OneKlik hingga Indomaret! GRATIS tarik tunai di Indomaret &amp; Alfamart! Cek https://t.co/RYRZDHPsu5,shopeepay serba gratis sekarang kirim uang isi saldo sampai tarik tunai jadi makin gampang bebas biaya admin gratis kirim uang ke bank amp ewallet gratis isi saldo via transfer bank oneklik hingga indomaret gratis tarik tunai di indomaret amp alfamart cek,netral,alfamart
Strategi Dekat Tapi Bersahabat: Rahasia Sukses Indomaret dan Alfamart di Tengah Persaingan https://t.co/cPBv33TT4l via @Indopolitika,strategi dekat tapi bersahabat rahasia sukses indomaret dan alfamart di tengah persaingan via,netral,alfamart
Info dong yang ikutan nge lamar kerja di Alfamart penempatan Bali coba share pengalamannya,info dong yang ikutan nge lamar kerja di alfamart penempatan bali coba share pengalamannya,netral,alfamart
Ya Allah gw sebel bgt dikasirin sama kasir Alfamart deket rumah dia jutek bgt bahkan smape akhir ga ada senyum dan makasih nawarin promo JSM dan nanyain member pun ngga???? Kesel bgt @alfamart @alfagift_idn,ya allah gw sebel bgt dikasirin sama kasir alfamart deket rumah dia jutek bgt bahkan smape akhir ga ada senyum dan makasih nawarin promo jsm dan nanyain member pun ngga kesel bgt,negatif,alfamart
@tuyulsunday tarik dana di alfamart gratis admin bub,tarik dana di alfamart gratis admin bub,netral,alfamart
@es_taroo @es_taroo Berikut parfum di Alfamart/Indomaret di bawah 30.000 IDR: 1. Pucelle (20.000 IDR): Aroma modern elegan cocok untuk sehari-hari. 2. Cussons Body Mist Marshmallow (14.000 17.000 IDR): Manis segar tahan lama 100 ml. 3. Posh Men Blue Gravity (30.000 IDR): Segar ,berikut parfum di alfamartindomaret di bawah idr pucelle idr aroma modern elegan cocok untuk seharihari cussons body mist marshmallow idr manis segar tahan lama ml posh men blue gravity idr segar,netral,alfamart
Si kecil nyaman bunda pun jadi tenang popok hemat bikin hati senang! Diskon promo #BabyDiapers yang bikin senyum tak terganti belanja jadi hemat dan nyaman! ⁣⁣⁣⁣⁣⁣ Periode: 16 - 31 Mei 2025⁣⁣⁣⁣⁣⁣⁣⁣ #PromoAlfamart #PromoAlfagift #AlfamartMelayani https://t.co/Yegeuj7uKc,si kecil nyaman bunda pun jadi tenang popok hemat bikin hati senang diskon promo yang bikin senyum tak terganti belanja jadi hemat dan nyaman periode mei,positif,alfamart
Weekend ini wajib banget diisi dengan borong barang kebutuhan di #PromoJSMAlfamart yang produk dan diskonnya rame banget! Dari minyak goreng mie instan air mineral sampai susu buat si kecil semuanya hadir dengan harga yang bikin senyum lebar! Periode: 16 18 Mei 2025 https://t.co/u2TwL3OCf2,weekend ini wajib banget diisi dengan borong barang kebutuhan di yang produk dan diskonnya rame banget dari minyak goreng mie instan air mineral sampai susu buat si kecil semuanya hadir dengan harga yang bikin senyum lebar periode mei,netral,alfamart
Weekend ini wajib banget diisi dengan borong barang kebutuhan di #PromoJSMAlfamart yang produk dan diskonnya rame banget! Dari minyak goreng mie instan air mineral sampai susu buat si kecil semuanya hadir dengan harga yang bikin senyum lebar! Periode: 16 18 Mei 2025 https://t.co/ZGTSHr0nxF,weekend ini wajib banget diisi dengan borong barang kebutuhan di yang produk dan diskonnya rame banget dari minyak goreng mie instan air mineral sampai susu buat si kecil semuanya hadir dengan harga yang bikin senyum lebar periode mei,netral,alfamart
Rumah gw tuh deket richeese iya alfamart iya warkop iya mr diy iya mixue iya counter hp iya abang jualan jajan iya optik iya skrg toko skincare?! Rumah gw jg kaga yg langsung pinggir jalan tpi kaga yg jauh bgt masuk lorong. STRATEGIS MAMPUS ANJENGGGG CINTA BGT GW,rumah gw tuh deket richeese iya alfamart iya warkop iya mr diy iya mixue iya counter hp iya abang jualan jajan iya optik iya skrg toko skincare rumah gw jg kaga yg langsung pinggir jalan tpi kaga yg jauh bgt masuk lorong strategis mampus anjengggg cinta bgt gw,positif,alfamart
Kegiatan Rutin yang Ditingkatkan (KRYD) Unit Samapta Polsek Ciledug: Antisipasi Guantibmas &amp; Tindak Pidana di Wilayah Rawan Personel Unit Samapta Polsek Ciledug melaksanakan Kegiatan Rutin yang Ditingkatkan (KRYD) di sekitar Alfamart Jl. Taman Asri Lama Kec. Larangan https://t.co/JoppF5siWl,kegiatan rutin yang ditingkatkan kryd unit samapta polsek ciledug antisipasi guantibmas amp tindak pidana di wilayah rawan personel unit samapta polsek ciledug melaksanakan kegiatan rutin yang ditingkatkan kryd di sekitar alfamart jl taman asri lama kec larangan,netral,alfamart
‍ Saatnya para Bunda cek stok susu dan langsung lengkapi kebutuhan nutrisi si kecil dengan hemat dan praktis! ⁣⁣ Melalui Promo #DuniaBundaDanSiKecil Alfamart hadir dengan beragam pilihan susu berkualitas dengan harga hemat dan juga bersahabat. Periode: 16 31 Mei 2025⁣ https://t.co/58dyhJJ1me,saatnya para bunda cek stok susu dan langsung lengkapi kebutuhan nutrisi si kecil dengan hemat dan praktis melalui promo alfamart hadir dengan beragam pilihan susu berkualitas dengan harga hemat dan juga bersahabat periode mei,netral,alfamart
‍ Saatnya para Bunda cek stok susu dan langsung lengkapi kebutuhan nutrisi si kecil dengan hemat dan praktis! ⁣⁣ Melalui Promo #DuniaBundaDanSiKecil Alfamart hadir dengan beragam pilihan susu berkualitas dengan harga hemat dan juga bersahabat. Periode: 16 31 Mei 2025⁣ https://t.co/cVmYoLUpG2,saatnya para bunda cek stok susu dan langsung lengkapi kebutuhan nutrisi si kecil dengan hemat dan praktis melalui promo alfamart hadir dengan beragam pilihan susu berkualitas dengan harga hemat dan juga bersahabat periode mei,netral,alfamart
Selamat pagi!! Dari aku yang habis borong diskonan di alfamart https://t.co/rukOAMOuvp,selamat pagi dari aku yang habis borong diskonan di alfamart,netral,alfamart
Ayo guys untuk para kaum hawa atau pria yang mau tampil cantik atau tampan bisa dtg langsung ke decan salon di daerah kp blokang Sukatani kita menyediakan promo ni guys di jamin tidak mengecewakan kalau dari arah Cikarang setelah megati persis samping Alfamart Devi 081315517456 https://t.co/XpajNq1JgF,ayo guys untuk para kaum hawa atau pria yang mau tampil cantik atau tampan bisa dtg langsung ke decan salon di daerah kp blokang sukatani kita menyediakan promo ni guys di jamin tidak mengecewakan kalau dari arah cikarang setelah megati persis samping alfamart devi,netral,alfamart
@rikkkrnwn Selamat pagi selamat datang di alfamart silahkan fresh coffee dan rotinya,selamat pagi selamat datang di alfamart silahkan fresh coffee dan rotinya,positif,alfamart
@alfamart Malas Top up dana di Alfamart salalu berkurang di ambil tuyul kali tuh ,malas top up dana di alfamart salalu berkurang di ambil tuyul kali tuh,negatif,alfamart
PERIODE BARU Tuker 100 Poin alfamart = GRATIS NU ICE Lychee Tea 450ml Di aplikasi Alfagift halaman depan -&gt; voucher -&gt; claim voucher -&gt; scroll kebawah -&gt; cari produk ini -&gt; tuker 100 poin https://t.co/vuSGT0gTpG,periode baru tuker poin alfamart gratis nu ice lychee tea ml di aplikasi alfagift halaman depan gt voucher gt claim voucher gt scroll kebawah gt cari produk ini gt tuker poin,netral,alfamart
Hematnya full senyum Sahabat! Apa lagi kalo bukan Promo gantung dari Alfamart‼️⁣ ⁣⁣ Siapa cepat dia dapat! Belanja Diapers sabun shampo sampai vitamin semuanya ada di #PromoGantungAlfamart. *S&amp;K Berlaku⁣⁣⁣⁣ Periode : 26 Mei - 01 Juni 2025⁣⁣ https://t.co/BoclIMFATT,hematnya full senyum sahabat apa lagi kalo bukan promo gantung dari alfamart siapa cepat dia dapat belanja diapers sabun shampo sampai vitamin semuanya ada di sampk berlaku periode mei juni,positif,alfamart
Hematnya full senyum Sahabat! Apa lagi kalo bukan Promo gantung dari Alfamart‼️⁣ ⁣⁣ Siapa cepat dia dapat! Belanja Diapers sabun shampo sampai vitamin semuanya ada di #PromoGantungAlfamart. *S&amp;K Berlaku⁣⁣⁣⁣ Periode : 26 Mei - 01 Juni 2025⁣⁣ https://t.co/EM2KEo60pl,hematnya full senyum sahabat apa lagi kalo bukan promo gantung dari alfamart siapa cepat dia dapat belanja diapers sabun shampo sampai vitamin semuanya ada di sampk berlaku periode mei juni,netral,alfamart
Hematnya full senyum Sahabat! Apa lagi kalo bukan Promo gantung dari Alfamart‼️⁣ ⁣⁣ Siapa cepat dia dapat! Belanja Diapers sabun shampo sampai vitamin semuanya ada di #PromoGantungAlfamart. *S&amp;K Berlaku⁣⁣⁣⁣ Periode : 26 Mei - 01 Juni 2025⁣⁣ https://t.co/qlfN7jgggS,hematnya full senyum sahabat apa lagi kalo bukan promo gantung dari alfamart siapa cepat dia dapat belanja diapers sabun shampo sampai vitamin semuanya ada di sampk berlaku periode mei juni,positif,alfamart
Baru aja pesen di @alfagift_idn @alfamart tapi dibatalkan gitu aja tanpa permintaan maaf karena minyak Fortune nya kosong. Emang bisa gitu yaa stok di alfagift beda sama stok toko?? (Bertanya dengan nada halus sabar). First time dapet pengalaman kek gini sumpah gak enak bgt https://t.co/pwcXwg3bJO,baru aja pesen di tapi dibatalkan gitu aja tanpa permintaan maaf karena minyak fortune nya kosong emang bisa gitu yaa stok di alfagift beda sama stok toko bertanya dengan nada halus sabar first time dapet pengalaman kek gini sumpah gak enak bgt,negatif,alfamart
@unicelounge Besok coba beli naspad di dkt alfamart banaran itu jg mba²nya jutek,besok coba beli naspad di dkt alfamart banaran itu jg mba²nya jutek,negatif,alfamart
 Selamat datang di Alfamart..Selamat Belanja. https://t.co/DsAGqndEbJ,selamat datang di alfamartselamat belanja,netral,alfamart
knp skrg alfagift pengirimannya jadi dari alfamart gl2 lagi kalo dari situ lama bgt ngirimnyaaaa :(,knp skrg alfagift pengirimannya jadi dari alfamart gl lagi kalo dari situ lama bgt ngirimnyaaaa,negatif,alfamart
@chatimezk anjirr gue pengalaman terakhir di alfamart bagian beli,anjirr gue pengalaman terakhir di alfamart bagian beli,positif,alfamart
@seniriyanti @arifmuharram Pengalaman pake qris byr di Alfamart saldo kepotong tp status blm terbayarkan. Komplain sd. 8bln baru balik duitnya kapok!,pengalaman pake qris byr di alfamart saldo kepotong tp status blm terbayarkan komplain sd bln baru balik duitnya kapok,negatif,alfamart
Mau cemilan kebutuhan rumah sampai perawatan? Semuanya ada di Private Label Alfamart! Langganan Shalma tiap isi keranjang karena harganya bersahabat dan kualitasnya terjamin bagus! Periode 16 - 31 Mei 2025⁣⁣⁣⁣⁣⁣ #PromoAlfamart #PromoAlfagift #AlfamartMelayani https://t.co/emkqHvV7g0,mau cemilan kebutuhan rumah sampai perawatan semuanya ada di private label alfamart langganan shalma tiap isi keranjang karena harganya bersahabat dan kualitasnya terjamin bagus periode mei,netral,alfamart
@cscwuvu @worksfess alfamart/indomaret/superindo klo mau yg gk tombok di superindo klo kmu dom jkt dpt panggilan lumayan cpt buat interview klo retail ke mr diy dan sejenisnya aku kurang tau buat daftarnya via apa cuma yg aku sebutin diatas itu via link,alfamartindomaretsuperindo klo mau yg gk tombok di superindo klo kmu dom jkt dpt panggilan lumayan cpt buat interview klo retail ke mr diy dan sejenisnya aku kurang tau buat daftarnya via apa cuma yg aku sebutin diatas itu via link,netral,alfamart
Gue lagi di Alfamart depan rak makanan kucing dibelakang gue kulkas yg isinya minuman semua trus ada bapak2 terdiam lama dpn kulkas ditanyain pegawainya ‍cari apa pak? ‍️Yogurt tpi lupa apaan Bbb ‍ cimory? ‍️bukan ‍yakult? ‍️ bukan Me : benecol? Biokul? ‍️ : nah iya biokul,gue lagi di alfamart depan rak makanan kucing dibelakang gue kulkas yg isinya minuman semua trus ada bapak terdiam lama dpn kulkas ditanyain pegawainya cari apa pak yogurt tpi lupa apaan bbb cimory bukan yakult bukan me benecol biokul nah iya biokul,netral,alfamart
Ini (bukan) lose a life biasa ihiy. Alias ini mengharuskan pemainnya untuk TS selama permainan berlangsung. TS jadi siapa tuh rin? Pemain wajib TS jadi barang yang ada di ALFAMART/INDOMARET. Bebas ya barangnya apa aja bisa makanan/minuman/benda. Pokoknya yang dijual disana.,ini bukan lose a life biasa ihiy alias ini mengharuskan pemainnya untuk ts selama permainan berlangsung ts jadi siapa tuh rin pemain wajib ts jadi barang yang ada di alfamartindomaret bebas ya barangnya apa aja bisa makananminumanbenda pokoknya yang dijual disana,netral,alfamart
KASIR ALFAMART NGAPA LAMA BGT SIH ANJING BANGSATTTTTTTTT ALIS LO TEBEL DEMPUL ANJING BURUAN NGENTOT SCAN BARCODE QRIS ORANG AJA LAMA BGT PAKE NANYA TEBUS MURAH MEMBER ADA APA KAGA NI JG ORG DEPAN GUE IYA SEMUA LG TEBUS IYA MEMBER IYA QRIS NGULANG 3 KALI ANJING,kasir alfamart ngapa lama bgt sih anjing bangsattttttttt alis lo tebel dempul anjing buruan ngentot scan barcode qris orang aja lama bgt pake nanya tebus murah member ada apa kaga ni jg org depan gue iya semua lg tebus iya member iya qris ngulang kali anjing,negatif,alfamart
Mau tampil segar dan percaya diri? Body care Alfamart solusi yang pasti! Bikin wangi dan kulit menjadi sehat dengan promo #BodyCareFair Alfamart yang kasih sahabat harga yang bersahabat dengan banyak produk pilihan sahabat! Periode 16 - 31 Mei 2025⁣⁣⁣⁣⁣⁣⁣⁣⁣⁣ https://t.co/4tFuhoQXHF,mau tampil segar dan percaya diri body care alfamart solusi yang pasti bikin wangi dan kulit menjadi sehat dengan promo alfamart yang kasih sahabat harga yang bersahabat dengan banyak produk pilihan sahabat periode mei,netral,alfamart
@tanyakanrl belinya langsung di official toko mereka di tokped. kemaren ke alfamart indomaret kasir bilang emang udah lama bgt stoknya gak masuk. ke bank mandiri langsung satpam bilang dari pusat belum ada lagi. ke bri juga sama. akhirnya ke bni dapet tapcash 30k harganya,belinya langsung di official toko mereka di tokped kemaren ke alfamart indomaret kasir bilang emang udah lama bgt stoknya gak masuk ke bank mandiri langsung satpam bilang dari pusat belum ada lagi ke bri juga sama akhirnya ke bni dapet tapcash k harganya,netral,alfamart
lu beruntung dh dpt org kaya gua yg mau nungguin lu selama 2 JAMMMMMMMM 2 FCKG HOURSSS sitting in alfamart,lu beruntung dh dpt org kaya gua yg mau nungguin lu selama jammmmmmmm fckg hoursss sitting in alfamart,positif,alfamart
@Sivsiviii CCTV d tempat pernah ada dia. CCTV tetangga Alfamart Indomaret toko mesjid counter pulsa,cctv d tempat pernah ada dia cctv tetangga alfamart indomaret toko mesjid counter pulsa,negatif,alfamart
@qomdis wkaka pengalaman di alfamart bagian beli,wkaka pengalaman di alfamart bagian beli,netral,alfamart
Senyum cerah dan napas segar dengan promo Oral Care Fair Alfamart yang hadir untuk bikin percaya diri makin tinggi tiap harinya! Dari sikat gigi hingga hingga pasta gigi semuanya ada dengan harga murah dan produk yang berkualitas! ⁣⁣⁣⁣⁣⁣⁣ Periode 16 - 31 Mei 2025⁣⁣⁣⁣ https://t.co/VX44igGcNz,senyum cerah dan napas segar dengan promo oral care fair alfamart yang hadir untuk bikin percaya diri makin tinggi tiap harinya dari sikat gigi hingga hingga pasta gigi semuanya ada dengan harga murah dan produk yang berkualitas periode mei,netral,alfamart
Gua pernah gini . Di Alfamart niat gua mau narik duit eh ATM nya ga bisa .. yaudh dong keluar gua .. eh tagih parkir gua bilang ajah ga ada mas saya ke sini mau ambil duit tapi ATM nya ga bisa motor gua blkng motor gua smpt di pegang lama bgt . Akhirnya gua tlpn bapak gua wkw,gua pernah gini di alfamart niat gua mau narik duit eh atm nya ga bisa yaudh dong keluar gua eh tagih parkir gua bilang ajah ga ada mas saya ke sini mau ambil duit tapi atm nya ga bisa motor gua blkng motor gua smpt di pegang lama bgt akhirnya gua tlpn bapak gua wkw,negatif,alfamart
@obsequials Ya Allah... Kyk ngelamar di Alfamart nnti...,ya allah kyk ngelamar di alfamart nnti,negatif,alfamart
@Pai_C1 Kalo ada toko yg ada tukang parkir malas mampir kalo gak kepaksa. Apalagi sekelas @alfamart @Indomaret SPBU @pertamina memang kondisi ekonomi susah tp pemerintah/aparat seolah hal biasa ,kalo ada toko yg ada tukang parkir malas mampir kalo gak kepaksa apalagi sekelas spbu memang kondisi ekonomi susah tp pemerintahaparat seolah hal biasa,negatif,alfamart
Update $AMRT. Sebelum keluar isu MnAnya sudah kebaca di price action kalau akan balik arah. Callnya ya di groupnya @stockmapping aja. Selamat cuan sobat Alfamart. https://t.co/xQR2Pixupo,update amrt sebelum keluar isu mnanya sudah kebaca di price action kalau akan balik arah callnya ya di groupnya aja selamat cuan sobat alfamart,netral,alfamart
bukan masalah diselak tapi kalo lagj antri di alfamart gue baru maju ke kasir terus belakang tb tb desel deselin belanjaannya. gak sopan woy. kalo emang belanjaan lu banyak ya bawa tas belanja yang disediain lah. kalo gue jahat dah gue senggol senggolin biar jatuh sekalian,bukan masalah diselak tapi kalo lagj antri di alfamart gue baru maju ke kasir terus belakang tb tb desel deselin belanjaannya gak sopan woy kalo emang belanjaan lu banyak ya bawa tas belanja yang disediain lah kalo gue jahat dah gue senggol senggolin biar jatuh sekalian,negatif,alfamart
@twjt_af @dennis85_ @nexuvillette Semua kalangan bisa kerja disini. Gak harus berpendidikan tinggi dan profesional. Ada Alfamart Indomaret excelso DLL. Karena kota ini bukan cuma mindahin gedung pemerintahan dan Pegawai pemerintah. Tapi ini pusat pertumbuhan ekonomi baru hunian DLL,semua kalangan bisa kerja disini gak harus berpendidikan tinggi dan profesional ada alfamart indomaret excelso dll karena kota ini bukan cuma mindahin gedung pemerintahan dan pegawai pemerintah tapi ini pusat pertumbuhan ekonomi baru hunian dll,positif,alfamart
 Belanja puas tanpa ribet? Selalu ada Alfamart yang siap jadi andalan kamu! Pilihannya banyak harganya pun lebih hemat! ⁣⁣⁣ Lewat promo #PrivateLabel kamu bisa dapetin beragam produk favorit pilihan dengan harga yang makin bersahabat. Periode 16 31 Mei 2025⁣⁣⁣⁣⁣⁣ https://t.co/Ve5heDmA3a,belanja puas tanpa ribet selalu ada alfamart yang siap jadi andalan kamu pilihannya banyak harganya pun lebih hemat lewat promo kamu bisa dapetin beragam produk favorit pilihan dengan harga yang makin bersahabat periode mei,positif,alfamart
@alfamart halo admin bisa cek dm?,halo admin bisa cek dm,netral,alfamart
Lama-lama malah jadi nyaman si Kak Putri sama Jokes Ibu-ibu. Mainkan Shopping Journey Pencet Berhadiah buat dapatkan Grand Prize uang tunai 1 5 Juta Rupiah!!⁣⁣⁣⁣⁣⁣⁣⁣⁣⁣ ⁣⁣⁣ Periode: 16 April - 31 Mei 2025⁣⁣⁣⁣ https://t.co/y3r2BDprd2,lamalama malah jadi nyaman si kak putri sama jokes ibuibu mainkan shopping journey pencet berhadiah buat dapatkan grand prize uang tunai juta rupiah periode april mei,netral,alfamart
Kegiatan Rutin yang Ditingkatkan (KRYD) Unit Samapta Polsek Ciledug: Antisipasi Guantibmas &amp; Tindak Pidana di Wilayah Rawan Personel Unit Samapta Polsek Ciledug melaksanakan Kegiatan Rutin yang Ditingkatkan (KRYD) di sekitar Alfamart Jl. Taman Asri Lama Kec. Larangan https://t.co/JoppF5siWl,kegiatan rutin yang ditingkatkan kryd unit samapta polsek ciledug antisipasi guantibmas amp tindak pidana di wilayah rawan personel unit samapta polsek ciledug melaksanakan kegiatan rutin yang ditingkatkan kryd di sekitar alfamart jl taman asri lama kec larangan,netral,alfamart
Ayo guys untuk para kaum hawa atau pria yang mau tampil cantik atau tampan bisa dtg langsung ke decan salon di daerah kp blokang Sukatani kita menyediakan promo ni guys di jamin tidak mengecewakan kalau dari arah Cikarang setelah megati persis samping Alfamart Devi 081315517456 https://t.co/XpajNq1JgF,ayo guys untuk para kaum hawa atau pria yang mau tampil cantik atau tampan bisa dtg langsung ke decan salon di daerah kp blokang sukatani kita menyediakan promo ni guys di jamin tidak mengecewakan kalau dari arah cikarang setelah megati persis samping alfamart devi,netral,alfamart
@rikkkrnwn Selamat pagi selamat datang di alfamart silahkan fresh coffee dan rotinya,selamat pagi selamat datang di alfamart silahkan fresh coffee dan rotinya,positif,alfamart
SUMPAH GUE KESEL BANGET!! selama pacaran baru ini gue dianter pulang sama cowo lain dan cowo gue marah marah. posisinya gue pulang kerja jam 11 buru buru nyari becak disekitaran tempat kerja karna biasanya ada becak di depan alfamart tapi ini ga ada dan lagi gerimis :(,sumpah gue kesel banget selama pacaran baru ini gue dianter pulang sama cowo lain dan cowo gue marah marah posisinya gue pulang kerja jam buru buru nyari becak disekitaran tempat kerja karna biasanya ada becak di depan alfamart tapi ini ga ada dan lagi gerimis,negatif,alfamart
mlu bnget diliatin mbak mbak alfamart trs disenyumin,mlu bnget diliatin mbak mbak alfamart trs disenyumin,negatif,alfamart
Tolong dong bank @BANKBRI_ID benerin lg layanan nya. Masa tiap mau tarik tunai di Alfamart / indomart ditolak mulu sih alesannya error. Nyari atm nya juga susah. Kalo gini lama2 ganti bank juga deh,tolong dong bank benerin lg layanan nya masa tiap mau tarik tunai di alfamart indomart ditolak mulu sih alesannya error nyari atm nya juga susah kalo gini lama ganti bank juga deh,negatif,alfamart
@alfamart Malas Top up dana di Alfamart salalu berkurang di ambil tuyul kali tuh ,malas top up dana di alfamart salalu berkurang di ambil tuyul kali tuh,negatif,alfamart
Unit Samapta Polsek Cipondoh melaksanakan KRYD patroli dialogis presisi di parkiran Alfamart Ruko Azores Banjar Wijaya. Himbauan kamtibmas diberikan kepada petugas keamanan untuk bersama menjaga keamanan lingkungan. Situasi aman dan kondusif. https://t.co/sQ3elv8QuK,unit samapta polsek cipondoh melaksanakan kryd patroli dialogis presisi di parkiran alfamart ruko azores banjar wijaya himbauan kamtibmas diberikan kepada petugas keamanan untuk bersama menjaga keamanan lingkungan situasi aman dan kondusif,netral,alfamart
Hematnya full senyum Sahabat! Apa lagi kalo bukan Promo gantung dari Alfamart‼️⁣ ⁣⁣ Siapa cepat dia dapat! Belanja Diapers sabun shampo sampai vitamin semuanya ada di #PromoGantungAlfamart. *S&amp;K Berlaku⁣⁣⁣⁣ Periode : 26 Mei - 01 Juni 2025⁣⁣ https://t.co/BoclIMFATT,hematnya full senyum sahabat apa lagi kalo bukan promo gantung dari alfamart siapa cepat dia dapat belanja diapers sabun shampo sampai vitamin semuanya ada di sampk berlaku periode mei juni,positif,alfamart
Hematnya full senyum Sahabat! Apa lagi kalo bukan Promo gantung dari Alfamart‼️⁣ ⁣⁣ Siapa cepat dia dapat! Belanja Diapers sabun shampo sampai vitamin semuanya ada di #PromoGantungAlfamart. *S&amp;K Berlaku⁣⁣⁣⁣ Periode : 26 Mei - 01 Juni 2025⁣⁣ https://t.co/EM2KEo60pl,hematnya full senyum sahabat apa lagi kalo bukan promo gantung dari alfamart siapa cepat dia dapat belanja diapers sabun shampo sampai vitamin semuanya ada di sampk berlaku periode mei juni,netral,alfamart
Hematnya full senyum Sahabat! Apa lagi kalo bukan Promo gantung dari Alfamart‼️⁣ ⁣⁣ Siapa cepat dia dapat! Belanja Diapers sabun shampo sampai vitamin semuanya ada di #PromoGantungAlfamart. *S&amp;K Berlaku⁣⁣⁣⁣ Periode : 26 Mei - 01 Juni 2025⁣⁣ https://t.co/qlfN7jgggS,hematnya full senyum sahabat apa lagi kalo bukan promo gantung dari alfamart siapa cepat dia dapat belanja diapers sabun shampo sampai vitamin semuanya ada di sampk berlaku periode mei juni,positif,alfamart
@nasisendirian @tanyarlfes Iyaa aku lihat2 daya beli lagi lesu banget ya. Deket rumah ada cafe yg cukup lama berdiri dulu rame banget bukanya sampe subuh ada live music tiap hari. Tapi beberapa tahun terakhir sepi akhirnya tutup sekarang ganti jadi alfamart.,iyaa aku lihat daya beli lagi lesu banget ya deket rumah ada cafe yg cukup lama berdiri dulu rame banget bukanya sampe subuh ada live music tiap hari tapi beberapa tahun terakhir sepi akhirnya tutup sekarang ganti jadi alfamart,netral,alfamart
Lowongan Kerja di Alfamart Posisi: Store Crew Gaji: Kompetitif Lokasi: - Cinere Depok - Pamulang Tangerang - Ciputat Tangerang - Ciputat Timur Tangerang - Pesanggrahan Jaksel - Kebayoran Lama Jaksel - Kebayoran Baru Jaksel - Pasar Minggu - Pancoran - Mampang Parapatan ... https://t.co/AuHzvYf0cY,lowongan kerja di alfamart posisi store crew gaji kompetitif lokasi cinere depok pamulang tangerang ciputat tangerang ciputat timur tangerang pesanggrahan jaksel kebayoran lama jaksel kebayoran baru jaksel pasar minggu pancoran mampang parapatan,netral,alfamart
Baru aja pesen di @alfagift_idn @alfamart tapi dibatalkan gitu aja tanpa permintaan maaf karena minyak Fortune nya kosong. Emang bisa gitu yaa stok di alfagift beda sama stok toko?? (Bertanya dengan nada halus sabar). First time dapet pengalaman kek gini sumpah gak enak bgt https://t.co/pwcXwg3bJO,baru aja pesen di tapi dibatalkan gitu aja tanpa permintaan maaf karena minyak fortune nya kosong emang bisa gitu yaa stok di alfagift beda sama stok toko bertanya dengan nada halus sabar first time dapet pengalaman kek gini sumpah gak enak bgt,negatif,alfamart
Mestinya bisa kali aplikasinya ini dibuat melacak posisi kurirnya udah ada dimana @alfamart @alfagift_idn kalo kek gini kan gambling bgt ga bisa estimasiin brp lama lg ntr ditinggal mandi tau tau kurirnya dtg https://t.co/kmcdAnM5iQ,mestinya bisa kali aplikasinya ini dibuat melacak posisi kurirnya udah ada dimana kalo kek gini kan gambling bgt ga bisa estimasiin brp lama lg ntr ditinggal mandi tau tau kurirnya dtg,negatif,alfamart
@unicelounge Besok coba beli naspad di dkt alfamart banaran itu jg mba²nya jutek,besok coba beli naspad di dkt alfamart banaran itu jg mba²nya jutek,negatif,alfamart
@chatimezk anjirr gue pengalaman terakhir di alfamart bagian beli,anjirr gue pengalaman terakhir di alfamart bagian beli,positif,alfamart
@seniriyanti @arifmuharram Pengalaman pake qris byr di Alfamart saldo kepotong tp status blm terbayarkan. Komplain sd. 8bln baru balik duitnya kapok!,pengalaman pake qris byr di alfamart saldo kepotong tp status blm terbayarkan komplain sd bln baru balik duitnya kapok,negatif,alfamart
Mau cemilan kebutuhan rumah sampai perawatan? Semuanya ada di Private Label Alfamart! Langganan Shalma tiap isi keranjang karena harganya bersahabat dan kualitasnya terjamin bagus! Periode 16 - 31 Mei 2025⁣⁣⁣⁣⁣⁣ #PromoAlfamart #PromoAlfagift #AlfamartMelayani https://t.co/emkqHvV7g0,mau cemilan kebutuhan rumah sampai perawatan semuanya ada di private label alfamart langganan shalma tiap isi keranjang karena harganya bersahabat dan kualitasnya terjamin bagus periode mei,netral,alfamart
@cscwuvu @worksfess alfamart/indomaret/superindo klo mau yg gk tombok di superindo klo kmu dom jkt dpt panggilan lumayan cpt buat interview klo retail ke mr diy dan sejenisnya aku kurang tau buat daftarnya via apa cuma yg aku sebutin diatas itu via link,alfamartindomaretsuperindo klo mau yg gk tombok di superindo klo kmu dom jkt dpt panggilan lumayan cpt buat interview klo retail ke mr diy dan sejenisnya aku kurang tau buat daftarnya via apa cuma yg aku sebutin diatas itu via link,netral,alfamart
Gue lagi di Alfamart depan rak makanan kucing dibelakang gue kulkas yg isinya minuman semua trus ada bapak2 terdiam lama dpn kulkas ditanyain pegawainya ‍cari apa pak? ‍️Yogurt tpi lupa apaan Bbb ‍ cimory? ‍️bukan ‍yakult? ‍️ bukan Me : benecol? Biokul? ‍️ : nah iya biokul,gue lagi di alfamart depan rak makanan kucing dibelakang gue kulkas yg isinya minuman semua trus ada bapak terdiam lama dpn kulkas ditanyain pegawainya cari apa pak yogurt tpi lupa apaan bbb cimory bukan yakult bukan me benecol biokul nah iya biokul,netral,alfamart
Ini (bukan) lose a life biasa ihiy. Alias ini mengharuskan pemainnya untuk TS selama permainan berlangsung. TS jadi siapa tuh rin? Pemain wajib TS jadi barang yang ada di ALFAMART/INDOMARET. Bebas ya barangnya apa aja bisa makanan/minuman/benda. Pokoknya yang dijual disana.,ini bukan lose a life biasa ihiy alias ini mengharuskan pemainnya untuk ts selama permainan berlangsung ts jadi siapa tuh rin pemain wajib ts jadi barang yang ada di alfamartindomaret bebas ya barangnya apa aja bisa makananminumanbenda pokoknya yang dijual disana,netral,alfamart
KASIR ALFAMART NGAPA LAMA BGT SIH ANJING BANGSATTTTTTTTT ALIS LO TEBEL DEMPUL ANJING BURUAN NGENTOT SCAN BARCODE QRIS ORANG AJA LAMA BGT PAKE NANYA TEBUS MURAH MEMBER ADA APA KAGA NI JG ORG DEPAN GUE IYA SEMUA LG TEBUS IYA MEMBER IYA QRIS NGULANG 3 KALI ANJING,kasir alfamart ngapa lama bgt sih anjing bangsattttttttt alis lo tebel dempul anjing buruan ngentot scan barcode qris orang aja lama bgt pake nanya tebus murah member ada apa kaga ni jg org depan gue iya semua lg tebus iya member iya qris ngulang kali anjing,negatif,alfamart
Mau tampil segar dan percaya diri? Body care Alfamart solusi yang pasti! Bikin wangi dan kulit menjadi sehat dengan promo #BodyCareFair Alfamart yang kasih sahabat harga yang bersahabat dengan banyak produk pilihan sahabat! Periode 16 - 31 Mei 2025⁣⁣⁣⁣⁣⁣⁣⁣⁣⁣ https://t.co/4tFuhoQXHF,mau tampil segar dan percaya diri body care alfamart solusi yang pasti bikin wangi dan kulit menjadi sehat dengan promo alfamart yang kasih sahabat harga yang bersahabat dengan banyak produk pilihan sahabat periode mei,netral,alfamart
@adheledeledel Selamat pagi Kak. Mohon maaf atas ketidaknyamanannya. Saat ini tidak ada kendala pembayaran tiket KA di gerai retail Alfamart. Apabila Kakak mengalami kendala alternatifnya dapat melakukan pembayaran melalui metode lainnya yang tersedia ya. Pastikan juga batas waktu bayarnya,selamat pagi kak mohon maaf atas ketidaknyamanannya saat ini tidak ada kendala pembayaran tiket ka di gerai retail alfamart apabila kakak mengalami kendala alternatifnya dapat melakukan pembayaran melalui metode lainnya yang tersedia ya pastikan juga batas waktu bayarnya,netral,alfamart
@AxeGunsr Mikir positif bapaknya tajir tapi anaknya berusaha mandiri dengan nglamar jadi karyawan indomaret soalnya gua pernah liat juga kasir alfamart pake iphone,mikir positif bapaknya tajir tapi anaknya berusaha mandiri dengan nglamar jadi karyawan indomaret soalnya gua pernah liat juga kasir alfamart pake iphone,positif,alfamart
@Yeeeeeriin Salam. Silakan Sahabat dapat mencoba melakukan pembayaran melalui kanal lain: Indomart Alfamart Kantor Pos loket-loket PPOB LinkAja Gopay OVO dan BANK BRI/ BNI/ BTN/Mandiri/BSI/BCA atau E-commerce dengan menggunakan nomor Virtual Account (VA)/nomor kepesertaan. (1/2),salam silakan sahabat dapat mencoba melakukan pembayaran melalui kanal lain indomart alfamart kantor pos loketloket ppob linkaja gopay ovo dan bank bri bni btnmandiribsibca atau ecommerce dengan menggunakan nomor virtual account vanomor kepesertaan,netral,alfamart
@tanyakanrl belinya langsung di official toko mereka di tokped. kemaren ke alfamart indomaret kasir bilang emang udah lama bgt stoknya gak masuk. ke bank mandiri langsung satpam bilang dari pusat belum ada lagi. ke bri juga sama. akhirnya ke bni dapet tapcash 30k harganya,belinya langsung di official toko mereka di tokped kemaren ke alfamart indomaret kasir bilang emang udah lama bgt stoknya gak masuk ke bank mandiri langsung satpam bilang dari pusat belum ada lagi ke bri juga sama akhirnya ke bni dapet tapcash k harganya,netral,alfamart
lu beruntung dh dpt org kaya gua yg mau nungguin lu selama 2 JAMMMMMMMM 2 FCKG HOURSSS sitting in alfamart,lu beruntung dh dpt org kaya gua yg mau nungguin lu selama jammmmmmmm fckg hoursss sitting in alfamart,positif,alfamart
@Sivsiviii CCTV d tempat pernah ada dia. CCTV tetangga Alfamart Indomaret toko mesjid counter pulsa,cctv d tempat pernah ada dia cctv tetangga alfamart indomaret toko mesjid counter pulsa,negatif,alfamart
@obsequials Ya Allah... Kyk ngelamar di Alfamart nnti...,ya allah kyk ngelamar di alfamart nnti,negatif,alfamart
Update $AMRT. Sebelum keluar isu MnAnya sudah kebaca di price action kalau akan balik arah. Callnya ya di groupnya @stockmapping aja. Selamat cuan sobat Alfamart. https://t.co/xQR2Pixupo,update amrt sebelum keluar isu mnanya sudah kebaca di price action kalau akan balik arah callnya ya di groupnya aja selamat cuan sobat alfamart,netral,alfamart
@alfamart @alfagift_idn lama banget kocak ih refundnya kebiasaan banget dah. Mana perlu uangnya lagii,lama banget kocak ih refundnya kebiasaan banget dah mana perlu uangnya lagii,negatif,alfamart
@prabowo Kemarin malam di Surabaya lihat parkir liar di Alfamart sepeda dijejer di bahu jalan..saya tanya karcis parkir gak ada ...habis debat. Gak lama ..ada polisi bawa mobil patroli. Datang ..minta setoran ke juru parkir liar itu Ternyata parkir liar di Surabaya ada ada yg melihara,kemarin malam di surabaya lihat parkir liar di alfamart sepeda dijejer di bahu jalansaya tanya karcis parkir gak ada habis debat gak lama ada polisi bawa mobil patroli datang minta setoran ke juru parkir liar itu ternyata parkir liar di surabaya ada ada yg melihara,negatif,alfamart
work! aku niatnya mau ngelamar di Alfamart boleh ceritain plus minus nya ngga ya?,work aku niatnya mau ngelamar di alfamart boleh ceritain plus minus nya ngga ya,netral,alfamart
@shomaykukus @Pai_C1 Saranku sbg warga sby nek ruko pinggir jalan/indomaret/alfamart cuek aja soale itu gk resmi aku sring dan mrk gk brani ngejar soale dr alfa/indo ny udh jelas parkir gratis. Nek berani ya ngeyel an. Ngomong aja gk ada uang cash pak. Tinggal trs.,saranku sbg warga sby nek ruko pinggir jalanindomaretalfamart cuek aja soale itu gk resmi aku sring dan mrk gk brani ngejar soale dr alfaindo ny udh jelas parkir gratis nek berani ya ngeyel an ngomong aja gk ada uang cash pak tinggal trs,negatif,alfamart
Kejadian di depan mata gue kmrn di alfamart. Posisi ada 2 kasir 1 khusus buat top up dan gue abis transaksi di kasir itu gak lama kok mba kasirnya gesit ketikketiknya nah sebelah ada buibu bawa 1 barang belakang gue udh antri bapak bapak keknya mo topup (gabawa belanjaan),kejadian di depan mata gue kmrn di alfamart posisi ada kasir khusus buat top up dan gue abis transaksi di kasir itu gak lama kok mba kasirnya gesit ketikketiknya nah sebelah ada buibu bawa barang belakang gue udh antri bapak bapak keknya mo topup gabawa belanjaan,negatif,alfamart
bukan masalah diselak tapi kalo lagj antri di alfamart gue baru maju ke kasir terus belakang tb tb desel deselin belanjaannya. gak sopan woy. kalo emang belanjaan lu banyak ya bawa tas belanja yang disediain lah. kalo gue jahat dah gue senggol senggolin biar jatuh sekalian,bukan masalah diselak tapi kalo lagj antri di alfamart gue baru maju ke kasir terus belakang tb tb desel deselin belanjaannya gak sopan woy kalo emang belanjaan lu banyak ya bawa tas belanja yang disediain lah kalo gue jahat dah gue senggol senggolin biar jatuh sekalian,negatif,alfamart
@Yunjind Eeeits senyumnya cerah kayak lampu alfamart,eeeits senyumnya cerah kayak lampu alfamart,positif,alfamart
@dontminddude beberapa lokasi misalnya minimarket (Indomaret Alfamart Alfamidi) atau melalui e-Commerce official store (Dinomarket Blibli Tokopedia Shopee). Namun ketersediaan stok Flazz BCA tergantung masing-masing merchant ya. Biaya administrasi Rp30.000 - untuk Flazz BCA reguler,beberapa lokasi misalnya minimarket indomaret alfamart alfamidi atau melalui ecommerce official store dinomarket blibli tokopedia shopee namun ketersediaan stok flazz bca tergantung masingmasing merchant ya biaya administrasi rp untuk flazz bca reguler,netral,alfamart
 Kapan lagi bisa belanja seru sambil dapetin produk gratis incara?! Jangan tunggu lama langsung gas ke Alfamart! Baru mulai aja udah banyak benefit! Dari produk GRATIS sampai beragam pilihan menarik bisa langsung kamu bawa pulang. Periode: 01 15 Juni 2025⁣⁣⁣⁣⁣⁣ https://t.co/Uk8I2QY64A,kapan lagi bisa belanja seru sambil dapetin produk gratis incara jangan tunggu lama langsung gas ke alfamart baru mulai aja udah banyak benefit dari produk gratis sampai beragam pilihan menarik bisa langsung kamu bawa pulang periode juni,netral,alfamart
 Kapan lagi bisa belanja seru sambil dapetin produk gratis incara?! Jangan tunggu lama langsung gas ke Alfamart! Baru mulai aja udah banyak benefit! Dari produk GRATIS sampai beragam pilihan menarik bisa langsung kamu bawa pulang. Periode: 01 15 Juni 2025⁣⁣⁣⁣⁣⁣ https://t.co/egfI3vFTFL,kapan lagi bisa belanja seru sambil dapetin produk gratis incara jangan tunggu lama langsung gas ke alfamart baru mulai aja udah banyak benefit dari produk gratis sampai beragam pilihan menarik bisa langsung kamu bawa pulang periode juni,netral,alfamart
@CindyAngel80448 Halo @CindyAngel80448. Mohon maaf sudah membuat kamu merasa tidak nyaman. Untuk Flazz Gen 1 kamu bisa melakukan top up di ATM BCA EDC (tidak dikenakan biaya top up). Kamu bisa juga top up di merchant seperti Indomaret atau Alfamart dan dikenakan biaya administrasi,halo mohon maaf sudah membuat kamu merasa tidak nyaman untuk flazz gen kamu bisa melakukan top up di atm bca edc tidak dikenakan biaya top up kamu bisa juga top up di merchant seperti indomaret atau alfamart dan dikenakan biaya administrasi,netral,alfamart
Toko kelontong 15 tahun tutup gara-gara stuck di cara lama: - Ga ada sistem inventory - Layout berantakan - Harga ga kompetitif Alfamart sebelah menang karena: - Sistem terintegrasi - Display rapi - Pricing strategy jelas Lesson: Bukan soal modal besar vs kecil. Tapi,toko kelontong tahun tutup garagara stuck di cara lama ga ada sistem inventory layout berantakan harga ga kompetitif alfamart sebelah menang karena sistem terintegrasi display rapi pricing strategy jelas lesson bukan soal modal besar vs kecil tapi,negatif,alfamart
11 Mei 2025 Setelah Isya Minimarket Alfamart Jl.Nusantara Kelapa Dua Depok Kak Gusta aktivis memberikan kertas selembaran sapa 129 untuk perempuan agar perempuan selamat. Lapor sapa 129 Jika melihat atau mengalami tindakan kekerasan pada perempuan dan anak di sekitarmu https://t.co/Mp5d1XlN1r,mei setelah isya minimarket alfamart jlnusantara kelapa dua depok kak gusta aktivis memberikan kertas selembaran sapa untuk perempuan agar perempuan selamat lapor sapa jika melihat atau mengalami tindakan kekerasan pada perempuan dan anak di sekitarmu,netral,alfamart
@alfamart ini kenapa alfagift lama banget ya? udah dari jam 6 tadi tapi nggak ada konfirmasi apapun. masalahnya udah jam segini chat nggak dibales sama sekali terus saya harus nunggu sampe tengah malem gitu?,ini kenapa alfagift lama banget ya udah dari jam tadi tapi nggak ada konfirmasi apapun masalahnya udah jam segini chat nggak dibales sama sekali terus saya harus nunggu sampe tengah malem gitu,negatif,alfamart
@aveecalypse alfagift emang ga tentu jam ngirimnya (walaupun kita udah pilih opsi jam pengiriman) jadi better jangan yang perlu urgent (pengalaman begitu soalnya di beberapa alfamart),alfagift emang ga tentu jam ngirimnya walaupun kita udah pilih opsi jam pengiriman jadi better jangan yang perlu urgent pengalaman begitu soalnya di beberapa alfamart,netral,alfamart
@omPalembang @Berant_takan Pasti ada aja orang tolol kayak lu di indo. Itu hitungannya udah pungli dan mereka diajarin gk bener sama org dewasa. Gausah munafik babi lu aja kalau ke indomaret/alfamart ada tukang parkir pasti malas walaupun bayar 2rb. Lu mah rasis ngentot babi asu,pasti ada aja orang tolol kayak lu di indo itu hitungannya udah pungli dan mereka diajarin gk bener sama org dewasa gausah munafik babi lu aja kalau ke indomaretalfamart ada tukang parkir pasti malas walaupun bayar rb lu mah rasis ngentot babi asu,negatif,alfamart
 Pasti bebas biaya Admin cuman di Alfamart. Hanya di Promo SMS: Sabtu Minggu Senin ⁣ ⁣ Sekarang BEBAS biaya admin kalau kamu member dan bayar tagihan Pegadaian! Periode 01 31 Mei 2025⁣ https://t.co/69i6LJStqE,pasti bebas biaya admin cuman di alfamart hanya di promo sms sabtu minggu senin sekarang bebas biaya admin kalau kamu member dan bayar tagihan pegadaian periode mei,netral,alfamart
biasanya selalu cek tgl exp tp hari ini lgsg comot aja eh pas udh diminum hampir setengah rasanya aneh trs liat tglnya trs gw masuk lg ke alfamart liat di showcase minuman buat cek tgl exp yg lain ternyata yg lainnya masih lama berarti cm punya gw aja yg udh exp ️ c https://t.co/KdvNRo3142,biasanya selalu cek tgl exp tp hari ini lgsg comot aja eh pas udh diminum hampir setengah rasanya aneh trs liat tglnya trs gw masuk lg ke alfamart liat di showcase minuman buat cek tgl exp yg lain ternyata yg lainnya masih lama berarti cm punya gw aja yg udh exp c,netral,alfamart
@LareinaRima @alfamart Halo Kak mohon maaf atas ketidaknyamanan yang dirasakan. Kami sangat menghargai masukannya. Untuk penanganan lebih lanjut Kakak bisa kirimkan detail keluhannya via DM email ke alfacare@alfamart.co.id atau lewat pesan di media sosial resmi kami ya. Terima kasih atas perha...,halo kak mohon maaf atas ketidaknyamanan yang dirasakan kami sangat menghargai masukannya untuk penanganan lebih lanjut kakak bisa kirimkan detail keluhannya via dm email ke alfacarecoid atau lewat pesan di media sosial resmi kami ya terima kasih atas perha,netral,alfamart
info loker dong pengalaman Indomaret &amp; Alfamart bagian pembelinya,info loker dong pengalaman indomaret amp alfamart bagian pembelinya,netral,alfamart
ANAK 14 TAHUN DIA BELI KONDOM DI ALFAMART PACARNYA 25 TAHUN DIA NGENTOT DI HUTAN KERAMAT 9 BULAN KEMUDIAN PACARNYA HAMIL GW BILANG SELAMAT SPEEDRUN HAMIL YAH GW PANGGIL ITU BAKAT.,anak tahun dia beli kondom di alfamart pacarnya tahun dia ngentot di hutan keramat bulan kemudian pacarnya hamil gw bilang selamat speedrun hamil yah gw panggil itu bakat,negatif,alfamart
22 Mei 2025 Setelah Ashar Minimarket Alfamart Jl.Nusantara Kelapa Dua Depok Kak Gusta aktivis memberikan kertas selembaran sapa 129 untuk perempuan agar perempuan selamat. Lapor sapa 129 Jika melihat atau mengalami tindakan kekerasan pada perempuan dan anak di sekitarmu https://t.co/hm0BRbjuRh,mei setelah ashar minimarket alfamart jlnusantara kelapa dua depok kak gusta aktivis memberikan kertas selembaran sapa untuk perempuan agar perempuan selamat lapor sapa jika melihat atau mengalami tindakan kekerasan pada perempuan dan anak di sekitarmu,netral,alfamart
@Yunjind Eeeits senyumnya cerah kayak lampu alfamart,eeeits senyumnya cerah kayak lampu alfamart,positif,alfamart
Aku top up dana lewat alfamart trus langsung pindahin ke gopay Habis itu nyebar kemana .. Kalo butuh pembayaran lewat dana ya tf dulu ke seabank baru top up dana :) Ribet sebenernya tp man eman kalo ada adminnya ,aku top up dana lewat alfamart trus langsung pindahin ke gopay habis itu nyebar kemana kalo butuh pembayaran lewat dana ya tf dulu ke seabank baru top up dana ribet sebenernya tp man eman kalo ada adminnya,netral,alfamart
@dontminddude beberapa lokasi misalnya minimarket (Indomaret Alfamart Alfamidi) atau melalui e-Commerce official store (Dinomarket Blibli Tokopedia Shopee). Namun ketersediaan stok Flazz BCA tergantung masing-masing merchant ya. Biaya administrasi Rp30.000 - untuk Flazz BCA reguler,beberapa lokasi misalnya minimarket indomaret alfamart alfamidi atau melalui ecommerce official store dinomarket blibli tokopedia shopee namun ketersediaan stok flazz bca tergantung masingmasing merchant ya biaya administrasi rp untuk flazz bca reguler,netral,alfamart
@__PASMANTAP @Xiaomi_winz Tai hari gini ngomongin moral dan adab dari busana tuh lihat kan yang ngutil di indomerit dan alfamart sama tanaha abang dan pasar2 baju nya kurang sopan apa? Kadang pake burqa ? Kurang takwa apa mrk nanti kalau ketangkep galaknya minta ampun. Blm lagi yang di simpen di apartmn,tai hari gini ngomongin moral dan adab dari busana tuh lihat kan yang ngutil di indomerit dan alfamart sama tanaha abang dan pasar baju nya kurang sopan apa kadang pake burqa kurang takwa apa mrk nanti kalau ketangkep galaknya minta ampun blm lagi yang di simpen di apartmn,negatif,alfamart
Toko kelontong 15 tahun tutup gara-gara stuck di cara lama: - Ga ada sistem inventory - Layout berantakan - Harga ga kompetitif Alfamart sebelah menang karena: - Sistem terintegrasi - Display rapi - Pricing strategy jelas Lesson: Bukan soal modal besar vs kecil. Tapi,toko kelontong tahun tutup garagara stuck di cara lama ga ada sistem inventory layout berantakan harga ga kompetitif alfamart sebelah menang karena sistem terintegrasi display rapi pricing strategy jelas lesson bukan soal modal besar vs kecil tapi,negatif,alfamart
@efenerr lebih sering pake alur topup di alfamart untuk spay -&gt; tf ke seabank. kalau ada mau beli brang di tiktokshop dri seabank -&gt; Dana gratis biaya admin soalnya,lebih sering pake alur topup di alfamart untuk spay gt tf ke seabank kalau ada mau beli brang di tiktokshop dri seabank gt dana gratis biaya admin soalnya,netral,alfamart
11 Mei 2025 Setelah Isya Minimarket Alfamart Jl.Nusantara Kelapa Dua Depok Kak Gusta aktivis memberikan kertas selembaran sapa 129 untuk perempuan agar perempuan selamat. Lapor sapa 129 Jika melihat atau mengalami tindakan kekerasan pada perempuan dan anak di sekitarmu https://t.co/Mp5d1XlN1r,mei setelah isya minimarket alfamart jlnusantara kelapa dua depok kak gusta aktivis memberikan kertas selembaran sapa untuk perempuan agar perempuan selamat lapor sapa jika melihat atau mengalami tindakan kekerasan pada perempuan dan anak di sekitarmu,netral,alfamart
@alfamart ini kenapa alfagift lama banget ya? udah dari jam 6 tadi tapi nggak ada konfirmasi apapun. masalahnya udah jam segini chat nggak dibales sama sekali terus saya harus nunggu sampe tengah malem gitu?,ini kenapa alfagift lama banget ya udah dari jam tadi tapi nggak ada konfirmasi apapun masalahnya udah jam segini chat nggak dibales sama sekali terus saya harus nunggu sampe tengah malem gitu,negatif,alfamart
@dkcrepes selama ini aku kira discontinued yang varian ini karena di indo sama alfamart selalu nggak ada ini tadi aja nemu nya di toko biasa,selama ini aku kira discontinued yang varian ini karena di indo sama alfamart selalu nggak ada ini tadi aja nemu nya di toko biasa,netral,alfamart
@aveecalypse alfagift emang ga tentu jam ngirimnya (walaupun kita udah pilih opsi jam pengiriman) jadi better jangan yang perlu urgent (pengalaman begitu soalnya di beberapa alfamart),alfagift emang ga tentu jam ngirimnya walaupun kita udah pilih opsi jam pengiriman jadi better jangan yang perlu urgent pengalaman begitu soalnya di beberapa alfamart,netral,alfamart
@omPalembang @Berant_takan Pasti ada aja orang tolol kayak lu di indo. Itu hitungannya udah pungli dan mereka diajarin gk bener sama org dewasa. Gausah munafik babi lu aja kalau ke indomaret/alfamart ada tukang parkir pasti malas walaupun bayar 2rb. Lu mah rasis ngentot babi asu,pasti ada aja orang tolol kayak lu di indo itu hitungannya udah pungli dan mereka diajarin gk bener sama org dewasa gausah munafik babi lu aja kalau ke indomaretalfamart ada tukang parkir pasti malas walaupun bayar rb lu mah rasis ngentot babi asu,negatif,alfamart
@EasYukiWallet Selamat yg beruntung insyaallah $50 $100 Aq.mau sponsor Yg Langsung beli beras ke Alfamart kemarin seneng banget aq di tegur2 tetangga perasaan kmrin qm beli beras juga Itu ad lagi aq jawab Paksu yg jwb Alhamdulillah hasil hp mama Ibnu Uangnya buat beli beras langsung,selamat yg beruntung insyaallah aqmau sponsor yg langsung beli beras ke alfamart kemarin seneng banget aq di tegur tetangga perasaan kmrin qm beli beras juga itu ad lagi aq jawab paksu yg jwb alhamdulillah hasil hp mama ibnu uangnya buat beli beras langsung,positif,alfamart
ternyata akang ivar selama ini bisa bahasa sunda kang Ivar mau ingetin juga nih #PromoLongWeekend masih berlajan loh Sahabat! S&amp;K berlaku⁣ Periode: 29 Mei 1 Juni 2025⁣ https://t.co/5jXLqgZ8VL,ternyata akang ivar selama ini bisa bahasa sunda kang ivar mau ingetin juga nih masih berlajan loh sahabat sampk berlaku periode mei juni,netral,alfamart
biasanya selalu cek tgl exp tp hari ini lgsg comot aja eh pas udh diminum hampir setengah rasanya aneh trs liat tglnya trs gw masuk lg ke alfamart liat di showcase minuman buat cek tgl exp yg lain ternyata yg lainnya masih lama berarti cm punya gw aja yg udh exp ️ c https://t.co/KdvNRo3142,biasanya selalu cek tgl exp tp hari ini lgsg comot aja eh pas udh diminum hampir setengah rasanya aneh trs liat tglnya trs gw masuk lg ke alfamart liat di showcase minuman buat cek tgl exp yg lain ternyata yg lainnya masih lama berarti cm punya gw aja yg udh exp c,netral,alfamart
@LareinaRima @alfamart Halo Kak mohon maaf atas ketidaknyamanan yang dirasakan. Kami sangat menghargai masukannya. Untuk penanganan lebih lanjut Kakak bisa kirimkan detail keluhannya via DM email ke alfacare@alfamart.co.id atau lewat pesan di media sosial resmi kami ya. Terima kasih atas perha...,halo kak mohon maaf atas ketidaknyamanan yang dirasakan kami sangat menghargai masukannya untuk penanganan lebih lanjut kakak bisa kirimkan detail keluhannya via dm email ke alfacarecoid atau lewat pesan di media sosial resmi kami ya terima kasih atas perha,netral,alfamart
info loker dong pengalaman Indomaret &amp; Alfamart bagian pembelinya,info loker dong pengalaman indomaret amp alfamart bagian pembelinya,netral,alfamart
Bukan malas bayar. Malas lapor kak. Bayar mah tiap hari juga kita bayar. Beli di alfamart jg udah sekalian dipajak.,bukan malas bayar malas lapor kak bayar mah tiap hari juga kita bayar beli di alfamart jg udah sekalian dipajak,negatif,alfamart
 Cuaca panas? Saatnya seruput yang segar hanya di Alfamart! Minuman favoritmu sekarang hadir dengan harga bersahabat cuma di Alfamart. Pas banget buat nemenin cuaca panas atau momen santai bareng teman! ⁣⁣⁣⁣⁣⁣⁣⁣ Periode 16 - 31 Mei 2025⁣⁣ https://t.co/WEoIgfYcfa,cuaca panas saatnya seruput yang segar hanya di alfamart minuman favoritmu sekarang hadir dengan harga bersahabat cuma di alfamart pas banget buat nemenin cuaca panas atau momen santai bareng teman periode mei,netral,alfamart
Unit Sabhara Polsek Ciledug Giat Patroli Mobile Antisipasi Gangguan Kamtibmas Dalam rangka menjaga situasi kamtibmas yang aman dan kondusif Unit Sabhara Polsek Ciledug melaksanakan patroli mobile di Alfamart 24 Jam Taman Asri Lama Kec. Larangan Kota Tangerang https://t.co/BSc02gBXtp,unit sabhara polsek ciledug giat patroli mobile antisipasi gangguan kamtibmas dalam rangka menjaga situasi kamtibmas yang aman dan kondusif unit sabhara polsek ciledug melaksanakan patroli mobile di alfamart jam taman asri lama kec larangan kota tangerang,netral,alfamart
Setelah sekian lama akhirnya ready kembali bakso kenzler di alfamart dekat rumah makan bareng mie sedap lagsa Singapore https://t.co/8RVVD9zmAT,setelah sekian lama akhirnya ready kembali bakso kenzler di alfamart dekat rumah makan bareng mie sedap lagsa singapore,netral,alfamart
Info dong apa aja yang di butuhin kerja di Alfamart soalnya udah lamar online cuman takut interview online Apa aja yang harus di persiapkan,info dong apa aja yang di butuhin kerja di alfamart soalnya udah lamar online cuman takut interview online apa aja yang harus di persiapkan,netral,alfamart
Baru ngelirik promonya aja udah terpana mau langsung belanja! Soalnya potongannya tuh bersahabat banget! Mau cari camilan santai atau stok kebutuhan rumah? Semua lagi dibikin serba hemat di #PromoPSM. Ini saatnya belanja cerdas. Periode: 24 31 Mei 2025⁣⁣⁣⁣⁣⁣⁣ https://t.co/zzW723uxCB,baru ngelirik promonya aja udah terpana mau langsung belanja soalnya potongannya tuh bersahabat banget mau cari camilan santai atau stok kebutuhan rumah semua lagi dibikin serba hemat di ini saatnya belanja cerdas periode mei,positif,alfamart
@Jeon_vetay @alfamart Hi Family Midi terima kasih ya udah berbelanja di Alfamidi. Selamat menikmati. ^na,hi family midi terima kasih ya udah berbelanja di alfamidi selamat menikmati na,positif,alfamart
@urrstardust @alfamart @alfagift_idn bisa kok kak sebelum jam 8 cuma gatau deh akhir2 ini ngaret jam 10an baru sampe..,bisa kok kak sebelum jam cuma gatau deh akhir ini ngaret jam an baru sampe,netral,alfamart
eh sekarang order via app alfamart dikirimnya cepet yaa tahun lalu di pwt lama jir,eh sekarang order via app alfamart dikirimnya cepet yaa tahun lalu di pwt lama jir,netral,alfamart
indomaret alfamart abis semuaa anjayyy guee pake foto lama yaaa‍↕️ @wonhaefoods #MooTimeWithMOQEEL #moqeel https://t.co/ZU6O6MZlgM,indomaret alfamart abis semuaa anjayyy guee pake foto lama yaaa,positif,alfamart
@alfamart Lama banget gimana saya mau pesen ulang lagi makanannya kalau uang pengembalian dana nya lama di kirim nya Saya mau pesen barang lagi,lama banget gimana saya mau pesen ulang lagi makanannya kalau uang pengembalian dana nya lama di kirim nya saya mau pesen barang lagi,negatif,alfamart
@alfamart Kesel banget sama @alfamart Saya mengajukan pengembalian dana Dari pagi jam 07 sampai sekrng belum juga di transfer dan di respon Saya DM saya chat nggak di respon sama sekali di toko sebelah cepet aja dana nya di kirim ini lama banget nggak ada respon sama sekali https://t.co/uN7LOWCuNN,kesel banget sama saya mengajukan pengembalian dana dari pagi jam sampai sekrng belum juga di transfer dan di respon saya dm saya chat nggak di respon sama sekali di toko sebelah cepet aja dana nya di kirim ini lama banget nggak ada respon sama sekali,negatif,alfamart
@tiwultiwul @amwidyoulagi Bukan kalau yang biasa sudah ada di Alfamart. Selama ini belinya di Tokped sih belum pernah cari di Shopee.,bukan kalau yang biasa sudah ada di alfamart selama ini belinya di tokped sih belum pernah cari di shopee,netral,alfamart
Beli es krim di Alfamart. Didepan ada emak² lagi transaksi. Eh malah lama bgt gara² dia nawar² tebus murah. Disuruh check in satu² harga barangnya sama dia. Sumpah kesal bgt kalau ada emak² belanja tuh.,beli es krim di alfamart didepan ada emak² lagi transaksi eh malah lama bgt gara² dia nawar² tebus murah disuruh check in satu² harga barangnya sama dia sumpah kesal bgt kalau ada emak² belanja tuh,negatif,alfamart
https://t.co/B1ZSlar1wq Review 3 Parfum Alfamart untuk Cowok Aroma Strong Wangi Tahan Lama di Harga Rp30 Ribuan Anti Mambu Ketiak! #racunparfume,review parfum alfamart untuk cowok aroma strong wangi tahan lama di harga rp ribuan anti mambu ketiak,netral,alfamart
@DS_yantie Gilaaaaa Isi token bayar 100rb dapat 94rb 6ribu lenyit plus biaya admin 3 5 rb utk alfamart/indomaret Biaya admin dah 10% ini terlalu mencekek menyiksa rakyat @prabowo Ayo @prabowo apa terobosannya???? Ayo @prabowo apa solusinya? Ayo @prabowo transparansi lari duitnya kmn?,gilaaaaa isi token bayar rb dapat rb ribu lenyit plus biaya admin rb utk alfamartindomaret biaya admin dah ini terlalu mencekek menyiksa rakyat ayo apa terobosannya ayo apa solusinya ayo transparansi lari duitnya kmn,negatif,alfamart
[Baggage Service] OPEN BAGASI INA - KR (indonesia-korea) 150.000 IDR/kg Barang di terima paling lambat 05 June Ready Korea 07 June 2025 SERANG - SEOUL ️ Term n Condition FREE ONGKIR untuk pembelian alfamart/indomart/apotik FREE Unboxing &amp; Foto barang https://t.co/cyMACGMqHn,baggage service open bagasi ina kr indonesiakorea idrkg barang di terima paling lambat june ready korea june serang seoul term n condition free ongkir untuk pembelian alfamartindomartapotik free unboxing amp foto barang,netral,alfamart
 Rawat senyum kamu mulai dari sekarang sahabat! Dengan promo #OralCareFair Alfamart sahabat bisa rawat mulut dengan hemat dan pastinya dapat produk yang berkualitas! ⁣⁣⁣⁣⁣⁣⁣⁣ Periode 16 - 31 Mei 2025⁣⁣⁣⁣⁣ https://t.co/FJp8PbJVNY,rawat senyum kamu mulai dari sekarang sahabat dengan promo alfamart sahabat bisa rawat mulut dengan hemat dan pastinya dapat produk yang berkualitas periode mei,netral,alfamart
@Sidayyxixi @smartfrenworld @alfamart @Sidayyxixi Hi Teman smartfren selamat pagi. Minfren bantu infokan saat ini gak ada gangguan kok kak. Jika kakak ada kendala agar bisa minfren bantu yuk infokan detailnya via DM https://t.co/H1AwRdiYpD . Terima kasih. Isma,hi teman smartfren selamat pagi minfren bantu infokan saat ini gak ada gangguan kok kak jika kakak ada kendala agar bisa minfren bantu yuk infokan detailnya via dm terima kasih isma,netral,alfamart
